CustomerName,order_count
William Brown,37
Matt Abelman,34
John Lee,34
Paul Prost,34
Jonathan Doherty,32
Chloris Kastensmidt,32
Seth Vernon,32
Edward Hooks,32
Emily Phan,31
Zuschuss Carroll,31
Arthur Prichep,31
Lena Cacioppo,29
Sally Hughsby,29
Ken Lonsdale,29
Greg Tran,29
Dean percer,29
Kunst Miller,28
Clay Ludtke,28
Xylona Preis,28
Chris Selesnick,28
Brian Moss,28
Keith Dawkins,28
Ben Ferrer,27
Damala Kotsonis,27
Steven Cartwright,26
Cassandra Brandow,26
Laura Armstrong,26
Patrick Gardner,26
Noel Staavos,26
Pete Kriz,25
Erin Ashbrook,25
Clytie Kelty,25
Resi Pölking,25
Adam Shillingsburg,25
Stewart Visinsky,25
Brosina Hoffman,24
Greg Guthrie,24
Dan Reichenbach,24
Sung Pak,24
Rob Lucas,24
Maribeth Schnelling,24
Joseph Airdo,24
Stefania Perrino,24
Ken Black,23
Joel Eaton,23
Rick Bensley,23
Lena Creighton,23
Keith Herrera,23
Sanjit Jacobs,23
Rick Wilson,23
Dennis Kane,23
Laurel Beltran,23
Dave Hallsten,23
Anna Häberlin,23
Karl Braun,22
Lindsay Shagiari,22
Kelly Lampkin,22
Patrick O'Brill,22
Russell Applegate,22
Sanjit Chand,22
Carlos Soltero,22
Guy Armstrong,22
Christine Sundaresam,22
Mick Hernandez,22
Suzanne McNair,22
Chris Cortes,22
Maria Etezadi,22
Natalie Webber,22
Joe Elijah,22
Anne McFarland,22
Irene Maddox,21
Stewart Carmichael,21
Ruben Dartt,21
Andrew Gjertsen,21
Arthur Gainer,21
Saphhira Shifley,21
Shirley Daniels,21
Sue Ann Reed,21
Dean Braden,21
Naresj Patel,21
Barry Französisch,21
Anthony Johnson,21
Frank Hawley,21
Muhammed Yedwab,21
Pamela Stobb,21
Eugene Moren,21
Tracy Blumstein,20
Erin Smith,20
Frank Merwin,20
David Smith,20
Nick Zandusky,20
Bart Pistole,20
Caroline Jumper,20
Michael Paige,20
Brenda Bowman,20
Brian Dahlen,20
Joe Kamberova,20
Helen Wasserman,20
George Bell,20
Adam Hart,20
Harry Marie,20
Sam Zeldin,20
Katherine Murray,20
Adrian Barton,20
Edward Becker,20
Marina Lichtenstein,20
Jim Epp,20
Brian Thompson,20
Shahid Collister,20
Darrin Martin,20
Roger Demir,20
Steve Nguyen,19
Janet Martin,19
Cynthia Voltz,19
Maria Bertelson,19
Logan Haushalter,19
Claudia Bergmann,19
Thomas Seio,19
Dean Katz,19
Bill Donatelli,19
Chuck Clark,19
Darrin Sayre,19
Sanjit Engle,19
Rob Dowd,19
Kalyca Meade,19
Anne Pryor,19
Jamie Frazer,19
Maxwell Schwartz,19
Mike Pelletier,19
Mick Crebagga,19
Michelle Moray,19
Herbert Flentye,19
Justin MacKendrick,19
Tamara Manning,19
Tim Brockman,19
Peter Fuller,19
Ted Butterfield,18
Helen Andreada,18
Logan Currie,18
Victoria Wilson,18
Ben Peterman,18
Philisse Overcash,18
Raymond Buch,18
Matt Connell,18
Eugene Hildebrand,18
Dan Campbell,18
Natalie DeCherney,18
Arianne Irving,18
James Galang,18
Katharine Harms,18
Ann Chong,18
Joy Smith,18
Carol Triggs,18
Karen Ferguson,18
Becky Castell,18
Scott Cohen,18
Stephanie Ulpright,18
Anna Andreadi,18
Eric Hoffmann,17
Darren Powers,17
Paul Gonzalez,17
Delfina Latchford,17
Sean Braxton,17
Frank Atkinson,17
Adam Bellavance,17
Jeremy Lonsdale,17
Michael Kennedy,17
Ken Heidel,17
Ross Baird,17
Maribeth Dona,17
Bradley Nguyen,17
Cynthia Arntzen,17
Nona Balk,17
Christina Anderson,17
Sylvia Foulston,17
Justin Deggeller,17
Ralph Arnett,17
Jay Kimmel,17
Bart Watters,17
Theresa Swint,17
Nat Carroll,17
Henry Goldwyn,17
Julie Kriz,17
Katherine Nockton,17
Tom Boeckenhauer,17
Matt Collister,17
Gary Hansen,17
Sam Craven,17
Karen Daniels,16
Becky Martin,16
Jennifer Braxton,16
Valerie Dominguez,16
Tamara Dahlen,16
Luke Foster,16
Jeremy Pistek,16
Lena Radford,16
Theone Pippenger,16
Nat Gilpin,16
Annie Thurman,16
Ross DeVincentis,16
Jay Fein,16
Berenike Kampe,16
Rob Williams,16
Beth Paige,16
Michael Moore,16
Jill Fjeld,16
John Castell,16
Adrian Hane,16
Randy Ferguson,16
Art Ferguson,16
Richard Bierner,16
Arthur Wiediger,16
Elizabeth Moffitt,16
Toby Carlisle,16
Giulietta Baptist,16
Sean O'Donnell,15
Ruben Ausman,15
Odella Nelson,15
Lena Hernandez,15
Stephanie Phelps,15
Max Jones,15
Heather Kirkland,15
Kristen Hastings,15
Shahid Hopkins,15
Anna Gayman,15
Allen Armold,15
Jeremy Farry,15
Sarah Foster,15
Dianna Vittorini,15
Sung Shariari,15
Christine Phan,15
Anthony Jacobs,15
Sample Company A,15
Robert Waldorf,15
Skye Norling,15
Frank Olsen,15
Maurice Satty,15
Neoma Murray,15
Laurel Workman,15
Liz Preis,15
Todd Sumrall,15
Rick Duston,15
Neola Schneider,15
Cynthia Delaney,15
Filia McAdams,15
Roy Phan,15
Luke Weiss,15
Trudy Brown,15
Maris LaWare,15
Mark Van Huff,15
Sean Miller,15
Kristina Nunn,15
Thomas Thornton,15
Jennifer Patt,15
Nick Crebassa,15
Katrina Edelman,15
Dana Kaydos,15
Alejandro Grove,14
Linda Cazamias,14
Christopher Schild,14
Gary Zandusky,14
Ted Trevino,14
Mark Packer,14
Bruce Stewart,14
Joseph Holt,14
David Bremer,14
Craig Carreira,14
Nathan Mautz,14
Grace Kelly,14
Natalie Fritzler,14
Frank Preis,14
Jennifer Ferguson,14
Fred McMath,14
Michael Chen,14
Alan Barnes,14
Roland Schwarz,14
Steve Chapman,14
Roland Fjeld,14
Benjamin Venier,14
Dan Lawera,14
Bryan Mills,14
Liz Thompson,14
Cyma Kinney,14
Dave Poirier,14
Linda Southworth,14
Katherine Hughes,14
Daniel Lacy,14
Matthew Grinstein,14
Harold Ryan,14
Cathy Prescott,14
Alejandro Ballentine,14
Kean Takahito,14
Jane Waco,14
Sheri Gordon,14
Tonja Turnell,14
Dennis Pardue,14
Emily Ducich,14
Ivan Liston,14
Dorothy Badders,14
Denny Blanton,14
Mitch Webber,14
Luke Schmidt,14
Jason Fortune-,14
Fred Harton,14
George Ashbrook,14
Tony Sayre,14
Darren Budd,14
Nathan Cano,14
Susan Pistek,14
Frank Carlisle,14
Trudy Schmidt,14
Victoria Pisteka,14
Patrick O'Donnell,13
Janet Molinari,13
Paul Stevenson,13
Parhena Norris,13
Dave Kipp,13
Dave Brooks,13
Fred Hopkins,13
Alan Hwang,13
Alan Schoenberger,13
Don Jones,13
Denny Ordway,13
Jeremy Ellison,13
Maribeth Yedwab,13
Alan Shonely,13
Max Engle,13
Anthony Rawles,13
Tiffany House,13
Tracy Hopkins,13
Hallie Redmond,13
Chad Cunningham,13
Penelope Sewall,13
Paul Van Hugh,13
Kean Thornton,13
Nora Preis,13
Gene McClure,13
Todd Boyes,13
Quincy Jones,13
Michael Granlund,13
Pauline Webber,13
Deborah Brumfield,13
Marc Crier,13
Bill Stewart,13
Christina DeMoss,13
Jamie Kunitz,13
Max Ludwig,13
Brad Eason,13
Barbara Fisher,13
Patrick Jones,13
Susan Vittorini,13
Christina VanderZanden,13
Speros Goranitis,13
John Murray,13
Ken Dana,13
Julie Prescott,13
Daniel Raglin,13
Denise Monton,13
Cindy Chapman,13
Jack O'Briant,13
Nick Radford,13
Marc Harrigan,13
Craig Molinari,13
Andrew Allen,12
Gary Mitchum,12
Alan Dominguez,12
Tamara Willingham,12
Jim Kriz,12
Alice McCarthy,12
Valerie Mitchum,12
Muhammed MacIntyre,12
Ed Braxton,12
Tanja Norvell,12
Rose O'Brian,12
Lynn Smith,12
Sean Christensen,12
Steven Roelle,12
Christine Kargatis,12
Lauren Leatherbury,12
Rachel Payne,12
Ann Steele,12
Toby Swindell,12
Nicole Fjeld,12
Dionis Lloyd,12
Yana Sorensen,12
Shui Tom,12
Jim Mitchum,12
Aimee Bixby,12
Craig Carroll,12
Christy Brittain,12
Rick Huthwaite,12
Corey Catlett,12
Tamara Chand,12
Jim Karlsson,12
Annie Zypern,12
Pierre Wener,12
Daniel Byrd,12
Bill Overfelt,12
Michelle Arnett,12
Jack Lebron,12
Patrick Ryan,12
Monica Federle,12
Lisa Ryan,12
Shahid Shariari,12
Sarah Brown,12
Barry Gonzalez,12
Emily Burns,11
Duane Noonan,11
Jim Sink,11
Ryan Crowe,11
Troy Staebel,11
Sandra Glassco,11
Neil Knudson,11
Robert Marley,11
Michael Stewart,11
Dianna Wilson,11
Christine Abelman,11
Jas O'Carroll,11
John Lucas,11
Doug Bickford,11
Mike Vittorini,11
Roy Französisch,11
Philip Brown,11
Mike Kennedy,11
Maya Herman,11
Michelle Tran,11
Carl Weiss,11
Charles Crestani,11
Meg O'Connel,11
Jesus Ocampo,11
Mike Caudle,11
Gary McGarr,11
Hunter Lopez,11
Lindsay Williams,11
Erica Hernandez,11
Craig Yedwab,11
Alex Avila,11
Greg Matthias,11
Matt Collins,11
Frank Gastineau,11
Nicole Hansen,11
Toby Braunhardt,11
Joni Wasserman,11
Thomas Boland,11
Scot Coram,11
Joy Daniels,11
Kelly Andreada,11
Brian Stugart,11
Rob Haberlin,11
Greg Maxwell,11
Hunter Glantz,11
Vicky Freymann,11
Christopher Conant,11
Becky Pak,11
Tony Chapman,11
Jason Gross,11
Eugene Barchas,11
Aaron Hawkins,11
Mark Hamilton,11
Duane Huffman,11
Doug O'Connell,11
Harold Engle,11
Harold Pawlan,10
Brendan Sweed,10
Katherine Ducich,10
Philip Fox,10
Dorothy Wardle,10
Maureen Gastineau,10
Nora Paige,10
Mary Zewe,10
Roy Collins,10
Victoria Brennan,10
Katrina Willman,10
Christopher Martinez,10
Karen Bern,10
Bradley Drucker,10
Ashley Jarboe,10
Olvera Toch,10
Trudy Glocke,10
Bruce Degenhardt,10
Sibella Parks,10
Phillina Ober,10
Pauline Johnson,10
Eudokia Martin,10
Justin Ritter,10
Jessica Myrick,10
Karen Carlisle,10
Meg Tillman,10
Bill Tyler,10
Cathy Armstrong,10
Bradley Talbott,10
Phillip Flathmann,10
Bryan Davis,10
Tracy Collins,10
Michael Nguyen,10
Aaron Smayling,10
Helen Abelman,10
Shaun Chance,10
Mark Cousins,10
Mick Brown,10
Corinna Mitchell,10
Gary Hwang,10
Janet Lee,10
Duane Benoit,10
Ben Wallace,10
Scot Wooten,10
Patrick Bzostek,10
Barry Franz,10
Tom Prescott,10
Brendan Murry,10
Tom Ashbrook,10
Nancy Lomonaco,10
Rick Reed,10
Michelle Huthwaite,10
Carol Adams,10
Harry Greene,10
Andy Yotov,10
Sarah Jordon,10
Candace McMahon,10
Russell D'Ascenzo,10
Fred Chung,10
Tracy Poddar,10
Don Miller,10
Darrin Van Huff,9
Zuschuss Donatelli,9
Sandra Flanagan,9
Ken Brennan,9
Julie Creighton,9
Laurel Elliston,9
Jonathan Howell,9
Andy Gerbode,9
Nathan Gelder,9
John Grady,9
Sonia Sunley,9
Liz Pelletier,9
Rob Beeghly,9
Emily Grady,9
Carlos Daly,9
Chuck Magee,9
Bill Eplett,9
Catherine Glotzbach,9
Tracy Zic,9
Sara Luxemburg,9
Ryan Akin,9
John Stevenson,9
Deanra Eno,9
Don Weiss,9
Alyssa Tate,9
Beth Thompson,9
Cindy Stewart,9
Andy Reiter,9
Shaun Weien,9
Raymond Messe,9
Giulietta Weimer,9
Noah Childs,9
Amy Cox,9
Toby Gnade,9
Ricardo Sperren,9
Lori Olson,9
Edward Nazzal,9
Julia Barnett,9
Sharelle Roach,9
Dario Medina,9
Richard Eichhorn,9
Katrina Bavinger,9
David Wiener,9
Liz Carlisle,9
Cindy Schnelling,9
Valerie Takahito,9
Khloe Miller,9
Dorothy Dickinson,9
Bill Shonely,9
Alex Grayson,9
Thea Hudgings,9
Juliana Krohn,9
Mark Haberlin,9
Joni Blumstein,8
Barry Blumstein,8
Alan Haines,8
Alejandro Savely,8
Joni Sundaresam,8
Mike Gockenbach,8
Darren Koutras,8
Ellis Ballard,8
Doug Jacobs,8
Yoseph Carroll,8
Erica Smith,8
Rick Hansen,8
Jill Stevenson,8
Ralph Kennedy,8
Bryan Spruell,8
Vivek Gonzalez,8
Allen Goldenen,8
Deirdre Greer,8
Brian DeCherney,8
Steven Ward,8
Brooke Gillingham,8
Eva Jacobs,8
Ann Blume,8
Corey-Lock,8
Paul Lucas,8
Anthony Witt,8
Dianna Arnett,8
Neil Ducich,8
Michael Dominguez,8
Erica Hackney,8
John Huston,8
Chris McAfee,8
Kean Nguyen,8
Matthew Clasen,8
Craig Leslie,8
Steve Carroll,8
Denise Leinenbach,8
Benjamin Farhat,8
Cari Sayre,8
Evan Henry,8
Maureen Fritzler,8
Vivian Mathis,8
Ed Jacobs,8
Charles Sheldon,8
Amy Hunt,8
Vivek Sundaresam,8
Henry MacAllister,7
Roger Barcio,7
Pete Armstrong,7
Justin Ellison,7
Chad Sievert,7
Shirley Jackson,7
Guy Thornton,7
Allen Rosenblatt,7
Jack Garza,7
Kimberly Carter,7
Troy Blackwell,7
Liz MacKendrick,7
Andrew Roberts,7
Debra Catini,7
Toby Ritter,7
James Lanier,7
Art Foster,7
Peter McVee,7
Scott Williamson,7
Jennifer Halladay,7
Charles McCrossin,7
Evan Bailliet,7
Lisa DeCherney,7
Chad McGuire,7
Nora Pelletier,7
John Dryer,7
Carl Ludwig,7
Ivan Gibson,7
Julia West,7
Charlotte Melton,7
Thea Hendricks,7
Robert Barroso,7
Eric Barreto,7
Bobby Trafton,7
Eleni McCrary,7
Sonia Cooley,7
Sarah Bern,7
MaryBeth Skach,7
Michael Grace,7
Joy Bell-,7
Erin Creighton,7
Pete Takahito,7
Bruce Geld,7
Maureen Gnade,7
Cyra Reiten,7
Tom Stivers,7
Cari Schnelling,7
Jill Matthias,7
Barry Pond,7
Lindsay Castell,7
Harold Dahlen,7
Eric Murdock,6
Dorris liebe,6
Julia Dunbar,6
Erin Mull,6
Giulietta Dortch,6
Craig Reiter,6
Carol Darley,6
Grant Thornton,6
Brad Norvell,6
Mathew Reese,6
Lisa Hazard,6
Sally Matthias,6
Jennifer Jackson,6
Erica Bern,6
Chuck Sachs,6
Stuart Van,6
Vivek Grady,6
Hilary Holden,6
Henia Zydlo,6
Michelle Ellison,6
Benjamin Patterson,6
Bart Folk,6
Magdelene Morse,6
Matt Hagelstein,6
Maria Zettner,6
Clay Rozendal,6
David Flashing,6
Anna Chung,6
Sean Wendt,6
Heather Jas,6
Randy Bradley,6
Lycoris Saunders,6
Dennis Bolton,6
Aaron Bergman,6
Susan MacKendrick,6
Claire Gute,5
Elpida Rittenbach,5
David Kendrick,5
Sally Knutson,5
Kelly Collister,5
Alyssa Crouse,5
Victor Preis,5
Astrea Jones,5
Melanie Seite,5
Denny Joy,5
Peter Bühler,5
Guy Phonely,5
Anthony Garverick,5
Pamela Coakley,5
Robert Dilbeck,5
Mary O'Rourke,5
Justin Hirsh,5
George Zrebassa,5
Stuart Calhoun,5
Kelly Williams,5
Brian Derr,5
Aleksandra Gannaway,5
Bobby Elias,5
Susan Gilcrest,5
Angele Hood,5
Georgia Rosenberg,5
Liz Willingham,5
Alex Russell,5
Shirley Schmidt,5
Corey Roper,4
Clay Cheatham,4
Jasper Cacioppo,4
David Philippe,4
Thomas Brumley,4
Paul MacIntyre,4
Jenna Caffey,4
Cathy Hwang,4
Michelle Lonsdale,4
Carlos Meador,4
Ralph Ritter,4
Michael Oakman,4
Beth Fritzler,4
Eileen Kiefer,4
Neil Französisch,4
Tony Molinari,4
Karen Seio,4
Jason Klamczynski,4
Evan Minnotte,4
Theresa Coyne,4
Ionia McGrath,4
Brendan Dodson,4
Sung Chung,4
Gene Hale,3
Adrian Shami,3
Paul Knutson,3
Joel Jenkins,3
Greg Hansen,3
Mitch Willingham,3
Brad Thomas,3
Larry Tron,3
Larry Hughes,3
Jim Radford,3
Larry Blacks,3
Pauline Chand,3
Tim Taslimi,3
Ritsa Hightower,3
Muhammed Lee,3
Barry Weirich,3
Fred Wasserman,3
Roy Skaria,3
Patricia Hirasaki,2
Ed Ludwig,2
Thais Sissman,2
Bobby Odegard,2
Phillip Breyer,2
Nicole Brennan,2
Roland Murray,2
Stefanie Holloman,2
Mitch Gastineau,2
Anemone Ratner,2
